"V1","V2","V3","V4","V5","V6","V7","V8","V9","V10","V11","V12","V13","V14","V15","Class"
"b",157,0,"u","g","w","v",1.25,"t","t",1,"f","g","00202",0,"+"
"a",329,4.46,"u","g","q","h",3.04,"t","t",6,"f","g","00043",560,"+"
"a",90,0.5,"u","g","q","h",1.5,"t","f",0,"f","g","00280",824,"+"
"b",126,1.54,"u","g","w","v",3.75,"t","t",5,"t","g","00100",3,"+"
"b",44,5.625,"u","g","w","v",1.71,"t","f",0,"f","s","00120",0,"+"
"b",169,4,"u","g","m","v",2.5,"t","f",0,"t","g","00360",0,"+"
"b",180,1.04,"u","g","r","h",6.5,"t","f",0,"t","g","00164",31285,"+"
"a",75,11.585,"u","g","cc","v",0.04,"t","f",0,"f","g","00080",1349,"+"
"b",311,0.5,"y","p","k","h",3.96,"t","f",0,"f","g","00180",314,"+"
"b",256,4.915,"y","p","w","v",3.165,"t","f",0,"t","g","00052",1442,"+"
"b",65,0.83,"u","g","c","h",2.165,"f","f",0,"t","g","00128",0,"+"
"b",146,1.835,"u","g","c","h",4.335,"t","f",0,"f","g","00260",200,"+"
"a",221,6,"u","g","k","v",1,"t","f",0,"t","g","00000",0,"+"
"b",283,6.04,"u","g","k","v",0.04,"f","f",0,"f","g","00000",2690,"+"
"a",271,10.5,"u","g","q","v",5,"t","t",7,"t","g","00000",0,"+"
"b",212,4.415,"y","p","k","v",0.25,"t","t",10,"t","g","00320",0,"+"
"b",130,0.875,"u","g","m","v",0.96,"t","t",3,"t","g","00396",0,"+"
"a",79,5.875,"u","g","q","v",3.17,"t","t",10,"f","g","00120",245,"+"
"b",62,0.25,"u","g","d","h",0.665,"t","f",0,"t","g","00000",0,"+"
"a",35,8.585,"u","g","cc","h",0.75,"t","t",7,"f","g","00096",0,"+"
"b",95,11.25,"u","g","c","v",2.5,"t","t",17,"f","g","00200",1208,"+"
"b",79,1,"u","g","c","v",0.835,"t","f",0,"f","s","00300",0,"+"
"a",281,8,"u","g","c","v",7.875,"t","t",6,"t","g","00000",1260,"+"
"a",122,14.5,"u","g","x","h",3.085,"t","t",1,"f","g","00120",11,"+"
"a",245,6.5,"u","g","q","v",0.5,"t","t",3,"t","g","00145",0,"+"
"a",4,0.585,"u","g","c","h",1.5,"t","t",2,"f","g","00100",0,"+"
"a",275,13,"u","g","i","bb",5.165,"t","t",9,"t","g","00000",0,"+"
"b",319,18.5,"u","g","d","bb",15,"t","t",17,"t","g","00000",0,"+"
"b",323,8.5,"u","g","e","h",7,"t","t",3,"f","g","00000",0,"+"
"b",253,1.04,"u","g","w","v",5,"t","t",6,"t","g","00500",10000,"+"
"b",139,14.79,"u","g","aa","v",5.04,"t","t",5,"t","g","00168",0,"+"
"b",252,9.79,"u","g","x","h",7.96,"t","t",8,"f","g","00000",0,"+"
"b",292,7.585,"u","g","i","bb",7.585,"t","t",15,"t","g","00000",5000,"+"
"a",213,5.125,"u","g","e","v",5,"t","f",0,"t","g","00000",4000,"+"
"a",71,10.75,"u","g","q","v",0.415,"t","t",5,"t","g","00000",560,"+"
"b",126,1.5,"u","g","w","v",2,"t","t",11,"t","g","00434",35,"+"
"b",120,1.585,"u","g","cc","h",1.835,"t","t",12,"t","g","00583",713,"+"
"a",76,11.75,"u","g","x","h",0.5,"t","t",2,"t","g","00300",551,"+"
"b",125,0.585,"y","p","cc","v",0.25,"t","t",2,"f","g","00260",500,"+"
"b",312,9.415,"u","g","ff","ff",14.415,"t","t",11,"t","g","00030",300,"+"
"b",189,9.17,"u","g","c","v",4.5,"t","t",12,"t","g","00000",221,"+"
"b",137,15,"u","g","c","h",5.335,"t","t",11,"f","g","00000",2283,"+"
"b",143,1.415,"u","g","w","h",0.75,"t","t",1,"f","g","00240",100,"+"
"b",235,13.915,"u","g","w","v",8.625,"t","t",6,"t","g","00070",0,"+"
"b",317,28,"y","p","c","v",28.5,"t","t",40,"f","g","00000",15,"+"
"b",310,6.75,"u","g","c","h",2.625,"t","t",11,"t","g","00000",284,"+"
"a",244,2.04,"y","p","q","h",0.125,"t","t",23,"t","g","00455",1236,"+"
"b",167,4.46,"u","g","cc","h",6.04,"t","t",3,"f","g","00311",300,"+"
"b",248,1.54,"u","g","i","bb",3.5,"f","f",0,"f","g","00216",0,"+"
"b",85,0.665,"u","g","c","v",0.165,"f","f",0,"f","g","00100",0,"+"
"a",104,0.5,"u","g","c","h",0.875,"t","f",0,"t","g","00491",0,"+"
"b",107,1,"u","g","q","v",1.75,"t","f",0,"t","g","00280",0,"+"
"b",216,2.04,"u","g","w","v",0.04,"t","f",0,"t","g","00400",5800,"+"
"b",197,2.5,"u","g","w","v",0,"t","f",0,"t","g","00239",200,"+"
"b",190,3,"u","g","cc","h",7.415,"t","f",0,"t","g","00000",0,"+"
"b",80,11.625,"y","p","w","v",0.835,"t","f",0,"t","g","00160",300,"+"
"b",78,0,"u","g","cc","v",0.085,"t","f",0,"f","g","00000",0,"+"
"b",266,0.5,"u","g","i","h",5,"t","f",0,"t","g","00320",0,"+"
"b",199,4.5,"u","g","x","h",5.75,"f","f",0,"t","s","00711",0,"+"
"b",262,3,"u","g","q","h",6,"t","t",11,"f","g","00080",0,"+"
"b",320,12.25,"u","g","m","v",1.25,"t","t",4,"t","g","00200",0,"+"
"b",164,16.165,"u","g","d","v",3,"t","t",9,"f","g","00250",730,"+"
"a",81,0.79,"y","p","q","v",1.5,"t","t",2,"t","g","00080",400,"+"
"a",47,0.835,"u","g","q","v",1.585,"t","t",1,"f","g","00000",0,"+"
"b",114,4.25,"u","g","cc","v",4.29,"t","t",1,"t","g","00120",0,"+"
"b",189,1.54,"u","g","cc","v",1.54,"t","t",1,"t","g","00520",50000,"+"
"a",204,1,"u","g","c","v",2,"t","t",11,"f","g","00000",456,"+"
"b",101,0.375,"u","g","m","v",0.25,"t","t",3,"f","g","00260",15108,"+"
"b",37,6.5,"u","g","w","h",1.46,"t","t",7,"f","g","00080",2954,"+"
"b",199,25.125,"u","g","x","h",1.625,"t","t",1,"t","g","00515",500,"+"
"b",172,7.5,"u","g","e","bb",1.585,"t","f",0,"t","s","00420",0,"-"
"b",196,4,"u","g","d","bb",12.5,"t","f",0,"t","g",NA,0,"-"
"a",224,5,"u","g","cc","v",13.5,"t","f",0,"t","g","00980",0,"-"
"b",265,0.5,"u","g","m","v",10.75,"t","f",0,"f","s","00400",0,"-"
"b",267,7,"y","p","c","v",1.625,"f","f",0,"f","g","00160",2,"-"
"b",49,5.29,"u","g","q","v",0.375,"t","t",1,"f","g","00160",0,"-"
"b",188,6.5,"u","g","aa","v",0.125,"t","f",0,"t","g","00443",0,"-"
"a",35,0.585,"y","p","aa","v",0.585,"t","f",0,"t","g","00160",0,"-"
"b",60,1.165,"y","p","k","v",2.5,"t","t",1,"f","g","00180",20,"-"
"b",58,9.75,"u","g","c","v",0.25,"t","f",0,"f","g","00140",0,"-"
"b",293,19,"u","g","ff","ff",0,"t","t",1,"f","g","00094",0,"-"
"a",124,1.5,"u","g","m","v",2,"t","f",0,"f","s","00368",0,"-"
"b",236,0.5,"u","g","m","v",0.25,"t","f",0,"f","s","00288",0,"-"
"a",NA,3.5,"u","g","d","v",3,"t","f",0,"t","g","00300",0,"-"
"b",120,0.625,"u","g","aa","v",0.455,"t","f",0,"t","g","00200",0,"-"
"b",214,4,"u","g","c","bb",5,"t","f",0,"t","s","00280",0,"-"
"b",NA,0.375,"u","g","d","v",0.875,"t","f",0,"t","s","00928",0,"-"
"b",103,2.21,"y","p","aa","v",4,"t","f",0,"f","g","00188",0,"-"
"b",187,4.5,"u","g","aa","v",1,"t","f",0,"t","g","00240",0,"-"
"a",290,1.5,"u","g","j","j",0,"t","f",0,"t","g","00100",27,"-"
"b",335,12.75,"y","p","c","h",5,"t","f",0,"f","g","00112",0,"-"
"b",162,15.5,"u","g","c","v",0.5,"t","f",0,"f","g","00120",0,"-"
"b",NA,5,"y","p","aa","v",8.5,"t","f",0,"f","g","00000",0,"-"
"b",304,1.375,"y","p","c","h",9.46,"t","f",0,"t","g","00200",100,"-"
"b",136,1.5,"y","p","c","v",1.5,"t","f",0,"t","g","00000",225,"-"
"a",134,3.54,"u","g","i","bb",0.5,"t","f",0,"t","g","00171",0,"-"
"b",76,0.625,"y","p","aa","v",0.125,"t","f",0,"f","g","00180",1,"-"
"b",NA,0.5,"u","g","c","bb",0.835,"t","f",0,"t","s","00320",0,"-"
"a",70,11,"y","p","q","v",3,"t","f",0,"t","g","00268",0,"-"
"a",133,1,"u","g","q","v",1,"t","t",2,"t","g","00167",500,"-"
"b",217,1.75,"y","p","c","bb",0.25,"t","f",0,"t","g","00164",400,"-"
"b",200,16.5,"y","p","c","v",4,"t","f",0,"f","g","00080",0,"-"
"b",30,5,"u","g","q","v",0.375,"t","t",2,"f","g","00000",38,"-"
"b",95,12,"u","g","k","v",2.25,"t","t",2,"t","g","00120",5,"-"
"b",126,4,"y","p","i","h",5.75,"t","t",2,"t","g","00075",0,"-"
"b",313,15.5,"u","g","e","z",0,"t","t",20,"f","g","00152",130,"-"
"b",136,1.165,"u","g","k","v",0.5,"t","f",0,"f","s","00280",0,"-"
"a",95,11,"y","p","aa","v",4.5,"t","f",0,"f","g","00120",0,"-"
"b",243,2.25,"y","p","x","h",10,"t","f",0,"t","g","00176",0,"-"
"a",41,0.75,"u","g","c","v",0.795,"t","t",5,"t","g","00140",5,"-"
"b",138,3.5,"u","g","w","v",3.5,"t","t",3,"t","g","00329",0,"-"
"a",90,1.04,"y","p","ff","ff",0.5,"t","t",3,"f","g","00180",147,"-"
"b",91,12.5,"u","g","w","v",0.875,"t","f",0,"t","g","00260",0,"-"
"a",185,0.75,"u","g","k","bb",1,"t","t",3,"t","g","00212",0,"-"
"b",49,1.25,"y","p","c","h",1.375,"t","t",3,"t","g","00140",210,"-"
"a",100,1.125,"u","g","q","v",1.29,"t","t",2,"f","g","00200",0,"-"
"b",219,7,"u","g","q","h",11.5,"t","t",7,"t","g","00300",5,"-"
"b",306,6.5,"u","g","k","v",6.29,"t","t",15,"f","g","00000",11202,"+"
"b",325,7.04,"u","g","m","v",14,"t","t",6,"t","g","00360",1332,"+"
"a",50,10.335,"u","g","cc","h",0.335,"t","t",1,"t","g","00080",50,"+"
"b",237,6.21,"u","g","q","v",0.04,"t","t",1,"f","g","00200",300,"+"
"b",103,12.5,"u","g","cc","v",1.21,"t","t",67,"t","g","00140",258,"+"
"a",92,12.5,"u","g","aa","v",1.5,"t","t",12,"t","g","00120",567,"+"
"a",264,6.665,"u","g","q","v",7.375,"t","t",3,"t","g","00000",0,"+"
"a",82,9,"u","g","q","v",8.5,"t","t",5,"t","g","00120",0,"+"
"b",197,5,"u","g","x","h",7.5,"t","t",6,"t","g","00000",1000,"+"
"b",280,2.5,"u","g","m","bb",2.5,"t","t",12,"t","g","00410",2510,"+"
"b",73,11,"u","g","q","v",2.5,"t","t",7,"t","g","00100",809,"+"
"b",191,4.25,"u","g","i","bb",3.25,"t","t",2,"f","g","00274",610,"+"
"a",132,3.5,"u","g","w","v",0.835,"t","f",0,"f","s","00280",0,"+"
"b",341,5.5,"u","g","e","z",13,"t","t",1,"t","g","00000",0,"+"
"b",47,1.835,"u","g","c","v",2.25,"t","t",1,"f","g","00100",150,"+"
"a",279,8,"u","g","e","bb",6.5,"t","t",6,"f","g","00375",51100,"+"
"b",207,5,"u","g","c","bb",2.5,"t","t",6,"f","g","00000",367,"+"
"b",174,5.5,"u","g","q","h",5.5,"t","t",12,"t","g","00408",1000,"+"
"b",288,6.5,"u","g","q","h",6,"t","f",0,"t","g","00350",0,"+"
"b",237,0.54,"y","p","aa","v",0.5,"t","t",3,"f","g","00200",1000,"+"
"b",183,2.75,"u","g","m","v",4.25,"t","t",6,"f","g","00204",0,"+"
"a",32,9.5,"u","g","w","v",1.625,"t","t",6,"t","g","00040",600,"+"
"a",117,13.5,"u","g","q","h",5,"t","t",2,"f","g","00000",5000,"+"
"a",160,3.75,"u","g","cc","h",0.625,"t","t",9,"t","g","00181",0,"+"
"a",318,16,"u","g","j","ff",0,"t","t",15,"f","g","00000",247,"+"
"b",259,0.29,"y","p","cc","h",1.75,"t","t",8,"f","g","00100",375,"+"
"b",68,11,"u","g","w","v",2,"t","t",1,"f","g","00080",278,"+"
"b",120,1.665,"u","g","cc","h",5.085,"t","t",9,"f","g","00399",827,"+"
"b",176,2.5,"u","g","cc","h",2.75,"t","t",6,"f","g","00160",2072,"+"
"b",79,1.5,"u","g","q","v",2.375,"t","t",3,"t","g","00000",582,"+"
"a",240,7.54,"y","p","q","h",8,"t","t",14,"f","g","00000",2300,"+"
"a",153,6.5,"u","g","c","bb",4,"t","t",7,"t","g","00000",3065,"+"
"a",307,15,"u","g","c","v",5.5,"t","t",14,"f","g","00000",2200,"+"
"a",274,0.46,"u","g","cc","h",0.415,"t","t",11,"t","g","00440",6,"+"
"a",326,10,"u","g","q","v",4,"t","t",14,"f","g","00000",1602,"+"
"b",215,6.5,"u","g","m","h",4.25,"t","t",12,"t","g","00093",0,"+"
"b",77,2.5,"u","g","c","v",1.085,"t","t",11,"t","g","00060",2184,"+"
"b",175,1.5,"u","g","cc","h",5.5,"t","t",3,"t","g","00000",0,"+"
"a",60,11.5,"y","p","j","j",0,"t","t",11,"t","g","00000",0,"+"
"a",133,3.04,"y","p","x","h",2.54,"t","t",1,"f","g","00070",0,"+"
"a",342,15,"u","g","e","z",0,"t","t",14,"f","g","00000",3376,"+"
"b",127,2,"u","g","k","h",4.165,"t","t",2,"t","g","00181",0,"+"
"b",188,0.08,"y","p","m","bb",0.04,"t","t",1,"t","g","00280",2000,"+"
"b",124,2,"u","g","x","h",1,"t","t",4,"f","g","00140",7544,"+"
"b",263,2,"u","g","m","v",1.75,"t","t",2,"t","g","00000",15,"+"
"b",96,1.71,"u","g","x","v",1.665,"t","t",1,"t","g","00395",20,"+"
"b",168,1.75,"y","p","e","h",0.04,"t","f",0,"t","g","00393",0,"+"
"a",333,16.5,"u","g","q","v",11,"t","f",0,"t","g","00021",10561,"+"
"a",242,10,"u","g","q","h",1.75,"t","f",0,"f","g","00029",837,"+"
"b",36,9.5,"u","g","q","v",1,"t","f",0,"t","g","00060",400,"+"
"a",172,0.54,"u","g","cc","v",0.04,"t","f",0,"f","g","00440",11177,"+"
"b",212,3.25,"u","g","q","h",9,"t","f",0,"t","g","00102",639,"+"
"b",217,1.125,"y","p","d","v",1.5,"f","f",0,"t","g","00431",0,"+"
"a",96,2.54,"y","p","aa","v",0.25,"t","f",0,"t","g","00370",0,"+"
"b",246,0,"u","g","c","bb",15,"t","f",0,"f","g","00000",0,"+"
"b",316,12.5,"u","g","k","h",8,"t","f",0,"t","g","00024",2028,"+"
"a",294,13.585,"u","g","k","h",8.5,"t","f",0,"t","g","00000",0,"+"
"b",72,10.5,"u","g","q","h",1.335,"t","f",0,"f","g","00100",0,"+"
"b",118,1.5,"y","p","w","v",0.375,"t","f",0,"t","g","00260",1065,"+"
"b",95,12.5,"u","g","aa","v",3,"t","f",0,"t","s","00020",0,"+"
"a",108,8.665,"u","g","aa","v",1.415,"t","f",0,"f","g","00160",150,"+"
"a",27,9.25,"u","g","q","v",1.21,"t","t",4,"f","g","00060",540,"+"
"b",44,8.17,"u","g","aa","v",1.96,"t","t",14,"f","g","00060",158,"+"
"b",280,0.29,"u","g","c","bb",15,"t","t",20,"f","g","00000",15000,"+"
"a",55,2.335,"u","g","i","bb",0.5,"t","t",4,"f","s","00080",0,"+"
"a",49,3,"u","g","q","v",0.165,"t","t",3,"f","g","00100",6,"+"
"a",322,19.5,"u","g","c","v",5.5,"t","t",7,"f","g","00000",3000,"+"
"a",69,5.665,"u","g","q","v",2.585,"t","t",7,"f","g","00129",3257,"+"
"b",289,8.5,"u","g","c","h",12.5,"t","t",9,"f","g","00181",1655,"+"
"b",238,6.5,"u","g","aa","bb",3.5,"t","t",1,"f","g","00000",500,"+"
"b",241,5,"u","g","c","v",5,"t","t",7,"f","g","00000",3065,"+"
"a",135,1.04,"u","g","c","v",2.5,"t","t",5,"t","g","00300",1430,"+"
"a",179,4.625,"u","g","q","h",1.625,"t","t",2,"f","g","00000",0,"+"
"b",56,10.5,"u","g","c","v",3,"t","f",0,"t","g","00000",0,"+"
"b",252,0.205,"u","g","i","h",5.125,"t","f",0,"f","g","00400",0,"+"
"b",250,0.96,"u","g","x","v",2.5,"t","f",0,"f","g","00510",600,"+"
"b",72,1.585,"y","p","w","v",3.085,"t","t",6,"f","g","00080",0,"+"
"b",192,4.04,"y","p","i","bb",8.5,"t","t",7,"t","g","00195",0,"+"
"b",130,5.04,"y","p","c","bb",1.5,"t","t",8,"t","g","00144",7,"+"
"b",180,3.165,"y","p","x","v",3.165,"t","t",3,"t","g","00380",0,"+"
"b",284,7.625,"u","g","w","h",15.5,"t","t",12,"f","g","00000",790,"+"
"b",123,2.04,"y","p","aa","v",2,"t","t",3,"t","g","00370",560,"+"
"b",71,10.04,"u","g","x","v",0.04,"t","t",9,"f","g","00060",396,"+"
"a",86,0.5,"u","g","q","h",1.25,"t","t",1,"f","g","00000",678,"+"
"a",246,1,"u","g","i","bb",2.25,"t","f",0,"t","g","00000",300,"+"
"b",93,2.75,"u","g","c","v",2.25,"t","t",6,"f","g",NA,600,"+"
"a",50,10.25,"u","g","q","v",0.71,"t","t",2,"t","g","00049",0,"+"
"b",208,2.125,"y","p","w","v",0.085,"t","t",1,"f","g","00050",1187,"+"
"a",201,12,"u","g","q","h",14,"t","t",8,"f","g","00000",6590,"+"
"a",345,0,NA,NA,NA,NA,0,"f","f",0,"f","p",NA,0,"+"
"b",135,9.335,"u","g","q","h",5.665,"t","t",6,"f","g","00381",168,"+"
"b",199,2.5,"u","g","k","v",4.5,"t","t",7,"f","g","00150",1270,"+"
"b",234,4.25,"u","g","c","bb",6.5,"t","t",16,"f","g","00117",1210,"+"
"b",232,5.875,"u","g","cc","h",10,"t","t",14,"t","g","00399",0,"+"
"b",88,6.625,"y","p","d","v",5.5,"t","f",0,"t","s","00100",0,"+"
"b",332,14.5,"u","g","ff","ff",18,"t","t",15,"t","g","00000",1000,"+"
"b",77,11.5,"u","g","i","v",3.5,"t","t",9,"f","g","00056",742,"+"
"b",114,2.71,"y","p","cc","v",5.25,"t","t",1,"f","g","00211",0,"+"
"b",284,3.5,"u","g","aa","v",3.5,"t","f",0,"f","s","00230",0,"+"
"b",245,4.04,"u","g","cc","h",7,"t","t",8,"f","g","00320",0,"+"
"b",315,11.5,"u","g","ff","ff",5,"t","t",5,"f","g","00000",8851,"+"
"b",309,9.625,"u","g","e","v",8.665,"t","t",5,"f","g","00000",0,"+"
"a",33,9.25,"y","p","c","v",1,"t","t",4,"t","g","00080",500,"+"
"a",295,12.54,"u","g","aa","v",2.29,"t","t",3,"t","g","00156",0,"+"
"b",340,11,"u","g","e","z",20,"t","t",7,"t","g","00022",0,"+"
"a",18,9,"u","g","aa","v",1.375,"t","f",0,"t","g","00000",0,"+"
"a",32,9.54,"u","g","aa","v",0.085,"t","f",0,"f","g","00100",0,"+"
"a",219,5.5,"u","g","q","v",0.125,"t","f",0,"t","g","00228",0,"+"
"b",79,4,"u","g","c","bb",0.25,"t","f",0,"t","g","00160",0,"+"
"b",23,5.5,"u","g","k","v",0.5,"t","f",0,"f","g","00080",0,"+"
"a",70,8.46,"y","p","x","v",2.46,"f","f",0,"f","g","00164",0,"+"
"b",40,0.375,"u","g","q","v",2,"t","t",2,"t","g","00080",0,"+"
"b",65,11,"u","g","cc","v",0.665,"t","f",0,"f","g","00100",0,"+"
"b",97,3.5,"u","g","cc","v",0.625,"t","t",7,"f","g","00000",7059,"+"
"a",279,3,"u","g","x","v",13.875,"t","t",2,"t","g","00519",1704,"+"
"b",182,1.75,"u","g","x","h",4.5,"t","t",4,"t","g","00253",857,"+"
"b",124,13.75,"u","g","w","v",5.75,"t","f",0,"t","g","00487",500,"+"
"a",327,21,"u","g","i","bb",10,"t","t",13,"f","g","00000",6700,"+"
"a",49,1.835,"u","g","q","v",2.085,"t","t",5,"f","g","00220",2503,"+"
"b",109,0.25,"u","g","i","bb",0,"t","f",0,"t","g","00000",0,"+"
"b",56,7.5,"u","g","aa","v",1.415,"t","t",1,"f","g","00080",9800,"+"
"b",258,4.625,"u","g","q","v",4.58,"t","f",0,"f","s","00000",0,"+"
"b",220,10.125,"u","g","x","v",2.5,"t","t",6,"f","g","00520",196,"+"
"b",48,10,"y","p","c","v",2.5,"t","f",0,"f","s","00040",0,"+"
"b",285,25.085,"u","g","w","v",1.75,"t","t",3,"f","g","00120",14,"+"
"b",131,5,"u","g","w","v",11,"t","f",0,"t","g","00070",0,"+"
"a",31,7.5,"u","g","q","v",2.71,"t","t",5,"f","g",NA,26726,"+"
"b",28,2,"u","g","i","v",1.5,"t","t",2,"f","g","00120",300,"+"
"b",180,3.04,"y","p","c","h",2.04,"t","t",1,"t","g","00180",18027,"+"
"b",268,8.5,"u","g","cc","h",14,"t","t",1,"t","g","00088",2000,"+"
"a",40,0.21,"u","g","q","h",0.29,"t","t",11,"f","g","00080",99,"+"
NA,90,12.75,"u","g","c","bb",4.75,"t","t",2,"f","g","00073",444,"+"
"b",62,11,"u","g","x","v",0.29,"t","t",6,"f","g","00121",0,"+"
"b",239,21.5,"u","g","e","z",20,"t","t",11,"f","g","00000",1200,"+"
"b",247,5,"u","g","q","h",5,"t","t",6,"t","g","00470",0,"+"
"a",20,11,"u","g","x","h",1,"t","t",11,"f","g","00000",3000,"+"
"b",78,11.125,"u","g","x","h",0.46,"t","t",1,"f","g","00100",0,"+"
"b",NA,0.625,"u","g","k","v",0.25,"f","f",0,"f","g","00380",2010,"-"
"b",24,10.25,"u","g","c","h",1.085,"f","f",0,"f","g","00320",13,"-"
"b",42,11.045,"u","g","c","v",2,"f","f",0,"t","g","00136",0,"-"
"b",42,0,"u","g","d","v",0.5,"f","f",0,"f","g","00144",0,"-"
"a",50,9.54,"u","g","i","v",0.04,"f","f",0,"f","g","00200",1000,"-"
"a",90,1.75,"y","p","c","v",0.165,"f","f",0,"f","g","00132",0,"-"
"b",175,2.335,"u","g","d","h",5.75,"f","f",0,"t","g","00292",0,"-"
"a",303,0,"y","p","ff","ff",0,"f","f",0,"f","g","00000",0,"-"
"a",284,1.335,"u","g","i","o",0.335,"f","f",0,"f","g","00000",120,"-"
"a",47,10.5,"y","p","x","h",0,"f","f",0,"t","g","00154",32,"-"
"b",297,0.585,"u","g","ff","ff",0,"f","f",0,"f","g","00145",0,"-"
"b",13,0.085,"y","p","c","v",0.04,"f","f",0,"f","g","00140",722,"-"
"b",26,1.21,"y","p","e","dd",0,"f","f",0,"f","g","00100",0,"-"
"a",168,6,"u","g","d","v",1.25,"f","f",0,"f","g","00272",0,"-"
"b",331,1.54,"u","g","q","v",0.125,"t","f",0,"t","g","00260",0,"+"
"b",22,0.165,"u","g","q","n",0.21,"f","f",0,"f","g","00200",40,"+"
"b",218,0,NA,NA,NA,NA,0,"f","f",0,"f","p",NA,0,"+"
"b",172,2.5,"u","g","c","v",1.25,"f","f",0,"t","g","00280",0,"-"
"b",23,6.75,"y","p","m","v",0.04,"f","f",0,"f","g","00140",0,"-"
"b",221,10.125,"y","p","k","v",0.125,"f","f",0,"f","g","00160",0,"-"
"b",155,2.5,"u","g","cc","h",2.25,"f","f",0,"t","s","00340",0,"-"
"b",29,5.71,"u","g","d","v",0.54,"f","f",0,"f","g","00120",0,"-"
"a",35,5.415,"u","g","i","h",0.29,"f","f",0,"f","g","00080",484,"-"
"a",24,10,"y","p","q","h",0.165,"f","f",0,"f","g","00340",0,"-"
"b",91,13.5,"y","p","ff","ff",0,"f","f",0,"f","g",NA,0,"-"
"b",9,0.835,"u","g","m","v",0.085,"t","f",0,"f","s","00200",0,"-"
"b",54,0.875,"y","p","c","h",0.25,"f","f",0,"f","g","00280",204,"-"
"b",85,0.585,"y","p","cc","h",0.125,"f","f",0,"f","g","00240",1,"-"
"b",19,4.46,"u","g","c","v",0.25,"f","f",0,"f","s","00080",0,"-"
"a",11,1.25,"u","g","q","v",0.25,"f","t",1,"f","g","00108",98,"-"
"b",79,12.625,"u","g","c","v",0.125,"f","t",2,"f","g","00000",5552,"-"
"b",18,10,"u","g","w","h",0.165,"f","t",1,"f","g","00120",1,"-"
"a",NA,1.5,"u","g","ff","ff",0,"f","t",2,"t","g","00200",105,"-"
"b",141,0.58,"u","g","w","v",0.29,"f","t",1,"f","g","00340",2803,"-"
"b",32,0.415,"y","p","c","v",0.165,"f","t",1,"f","g","00200",1,"-"
"a",61,1.75,"y","p","j","j",0,"f","f",0,"f","g","00160",0,"-"
"b",76,0.75,"u","g","m","v",0.5,"f","f",0,"t","s","00320",0,"-"
"a",25,10,"u","g","w","v",1,"f","t",1,"f","g","00120",1,"-"
"b",100,0.54,"u","g","w","v",0.165,"f","t",1,"f","g","00272",444,"-"
"b",203,2.415,"u","g","w","v",0.125,"f","t",2,"f","g","00220",1,"-"
"a",7,0.335,"u","g","ff","ff",0,"f","t",1,"f","g","00160",126,"-"
"a",167,3.125,"u","g","ff","ff",3.04,"f","t",2,"t","g","00200",4,"-"
"b",343,9,"u","g","ff","ff",4,"f","t",1,"f","g","00070",6,"-"
"b",177,2.5,"u","g","aa","v",1.75,"f","t",2,"t","g","00720",0,"-"
"b",10,2.75,"u","g","aa","v",0.665,"f","t",1,"f","g","00080",21,"-"
"b",66,12.125,"u","g","c","v",3.335,"f","t",2,"t","g","00180",173,"-"
"a",324,2,"u","g","ff","ff",6.5,"f","t",1,"f","g","00000",10,"-"
"b",25,0.165,"u","g","d","v",0.25,"f","f",0,"t","s","00280",0,"-"
"b",81,1,"u","g","c","v",0.5,"f","f",0,"t","s","00280",0,"-"
"a",5,2.875,"u","g","q","v",0.085,"f","f",0,"f","g","00120",0,"-"
"a",92,13.665,"u","g","q","h",1.5,"f","f",0,"f","g","00280",1,"-"
"b",289,26.335,"y","p","ff","ff",0,"t","f",0,"t","g","00000",0,"-"
"b",82,2.75,"u","g","ff","ff",4.5,"f","f",0,"f","g","00160",25,"-"
"b",29,10.29,"u","g","ff","ff",0.415,"f","f",0,"f","g","00080",0,"-"
"b",125,1.29,"u","g","k","h",0.25,"f","f",0,"t","s","00140",0,"-"
"a",165,3,"y","p","j","j",0,"f","f",0,"f","g","00160",20,"-"
"a",93,4.5,"u","g","w","v",1,"f","f",0,"t","g","00360",6,"-"
"b",34,1.75,"y","p","c","v",2.335,"f","f",0,"t","g","00112",6,"-"
"a",10,0.21,"u","g","aa","v",0.125,"f","f",0,"f","g","00200",1,"-"
"a",29,10,"u","g","d","v",0.415,"f","f",0,"f","g","00080",42,"-"
"b",9,0,"y","p","aa","v",0.25,"f","f",0,"f","g","00060",0,"-"
"b",76,0.75,"u","g","m","v",0.5,"t","f",0,"t","s","00320",0,"-"
"b",54,0.25,"y","p","c","h",0.25,"f","f",0,"f","g","00280",204,"-"
"b",17,22,"l","gg","ff","o",0,"f","f",0,"t","p","00450",100000,"+"
"b",35,0,"y","p","m","bb",0,"f","f",0,"t","s","00500",1,"+"
"b",213,0.125,"y","p","c","v",1.5,"f","f",0,"t","g","00232",113,"+"
"b",55,1.5,"u","g","w","v",1.5,"f","f",0,"f","g","00150",8,"+"
"a",23,0.375,"l","gg","cc","ff",10,"f","f",0,"t","s","00300",0,"+"
"a",184,0.375,"u","g","cc","v",0.375,"f","f",0,"f","g","00300",44,"+"
"b",288,0.205,"y","p","k","v",0.25,"t","t",11,"f","g","00380",2732,"+"
"b",184,1.25,"u","g","w","v",1.165,"f","f",0,"f","g","00120",0,"-"
"a",141,1.085,"y","p","x","v",1,"f","f",0,"f","g","00280",13,"-"
"b",149,1.085,"y","p","c","v",0.04,"f","f",0,"f","g","00170",179,"-"
NA,242,3.5,"u","g","i","bb",0.5,"f","f",0,"f","s","01160",0,"-"
"b",196,2.5,"y","p","w","v",3,"f","f",0,"f","s","00200",0,"-"
"b",NA,4,"y","p","i","v",0.085,"f","f",0,"t","g","00411",0,"-"
"b",47,0,NA,NA,NA,NA,0,"f","f",0,"f","p",NA,0,"-"
"a",181,2.5,"y","p","c","v",2.5,"f","f",0,"t","g","00000",2,"-"
"b",188,2.5,"u","g","c","v",1,"f","f",0,"f","g","00460",16,"-"
"a",98,12.5,"u","g","d","v",1,"f","f",0,"t","g","00180",1062,"-"
"b",195,2.5,"u","g","cc","bb",0.5,"f","f",0,"f","g","00348",0,"-"
"b",124,0.75,"u","g","q","h",0.165,"f","f",0,"t","g","00220",251,"-"
"b",278,6.5,"u","g","c","v",1,"f","f",0,"t","g","00000",228,"-"
"a",196,1.25,"y","p","i","h",0.5,"f","f",0,"t","g","00160",0,"-"
"a",181,3,"y","p","aa","v",2,"f","f",0,"f","g","00180",0,"-"
"b",127,3,"u","g","w","v",0.75,"f","f",0,"t","g","00300",67,"-"
"a",229,4,"u","g","c","v",3,"f","f",0,"f","g","00480",0,"-"
"b",257,4.085,"u","g","aa","v",0.04,"f","f",0,"f","g","00108",100,"-"
"b",117,2.25,"u","g","i","bb",0.5,"f","f",0,"t","g","00640",4000,"-"
"b",185,2.75,"u","g","i","bb",0,"f","f",0,"f","g","00180",0,"-"
"b",227,1.75,"u","g","k","v",0.5,"f","f",0,"t","g","00300",2,"-"
"b",336,7,"u","g","e","z",0,"f","f",0,"f","g","00000",12,"-"
NA,171,1.5,"u","g","c","v",0.25,"f","f",0,"t","g","00372",122,"-"
"b",115,4.5,"y","p","c","bb",2.5,"f","f",0,"f","g","00200",1210,"-"
"b",337,0.54,"u","g","c","v",0.585,"t","t",3,"t","g","00180",0,"-"
"b",126,1.5,"u","g","w","v",2.25,"f","t",1,"t","g","00100",3,"-"
"a",109,2,"u","g","j","j",0,"f","f",0,"t","g","00276",1,"-"
"b",66,0.585,"y","p","ff","ff",0,"f","f",0,"f","g","00100",0,"-"
"b",70,11.5,"y","p","m","v",1.5,"f","f",0,"t","g","00000",4000,"-"
"b",156,1.585,"u","g","d","v",0.585,"f","f",0,"t","s","00000",0,"-"
"b",212,2,"u","g","i","v",0.25,"f","f",0,"t","g","00221",0,"-"
"a",6,0.165,"u","g","aa","v",1,"f","t",2,"t","g","00320",1,"-"
"b",245,1.335,"u","g","d","v",0.165,"f","f",0,"f","g","00168",0,"-"
"a",38,0.165,"u","g","q","v",0.04,"f","f",0,"t","g","00380",0,"-"
"b",173,3,"u","g","d","v",0.165,"f","f",0,"t","g","00120",0,"-"
"a",213,4.71,"u","g","ff","ff",0,"f","f",0,"f","g","00160",0,"-"
"a",150,5.5,"u","g","k","v",5.5,"f","f",0,"t","s","00100",0,"-"
"b",77,2.5,"u","g","ff","ff",0.085,"f","f",0,"t","g","00100",4208,"-"
"b",116,0.54,"u","g","k","ff",0,"f","f",0,"f","g","00100",0,"-"
"b",12,0.335,"y","p","k","v",0.29,"f","f",0,"f","s","00200",0,"-"
"b",89,2,"u","g","e","dd",0.165,"f","t",2,"f","g","00320",1300,"-"
"b",258,1.25,"u","g","m","v",13.875,"f","t",1,"t","g","00352",112,"-"
"a",73,6.165,"u","g","aa","v",0.165,"f","f",0,"f","g","00220",1000,"-"
"b",233,1.71,"y","p","m","v",0.165,"f","f",0,"f","s","00400",0,"-"
"a",83,11.5,"y","p","k","h",3,"f","f",0,"t","g","00020",16,"-"
"b",57,0.75,"y","p","r","n",0.75,"f","f",0,"t","g","00132",2,"-"
"b",178,2.5,"y","p","w","v",7,"f","f",0,"t","g","00280",0,"-"
"b",111,13,"u","g","e","dd",0,"f","f",0,"t","g","00140",1110,"-"
"a",268,4.585,"u","g","k","h",1,"f","f",0,"t","s","00240",0,"-"
"b",110,1.54,"u","g","w","v",0.125,"f","f",0,"f","g","00100",0,"-"
NA,129,0.585,"u","g","aa","v",0.04,"f","f",0,"f","g","00260",1004,"-"
"a",51,0.5,"y","p","e","dd",1,"f","f",0,"f","g","00260",0,"-"
"b",135,14.5,"u","g","d","v",0.125,"f","f",0,"f","g","00000",286,"-"
"b",49,0.835,"y","p","c","v",2,"f","f",0,"t","s","00240",0,"-"
"b",191,1.335,"u","g","i","bb",0.125,"f","f",0,"t","g","00440",4500,"-"
"b",183,0.25,"u","g","i","bb",4,"f","f",0,"t","s","00420",0,"-"
"b",261,5,"u","g","i","bb",2.25,"f","f",0,"t","g","00141",0,"-"
"a",72,7,"u","g","c","v",0.165,"f","f",0,"f","g","00160",0,"-"
"a",88,2.5,"y","p","i","bb",4.5,"f","f",0,"f","g","00200",456,"-"
"a",321,4.25,"y","p","ff","ff",5,"f","f",0,"t","g","00000",4,"-"
"b",65,11.46,"u","g","k","v",1.585,"f","f",0,"t","g","00100",1212,"-"
"b",187,5.5,"y","p","c","v",1.5,"f","f",0,"t","g","00060",0,"-"
"b",71,1.5,"y","p","aa","v",0.54,"f","f",0,"t","g","00120",67,"-"
"b",54,0,"u","g","c","v",0.5,"f","f",0,"t","s","00000",0,"-"
"b",114,14.585,"u","g","i","bb",0,"f","f",0,"t","g","00178",0,"-"
"b",75,0.17,"u","g","m","v",0.085,"f","f",0,"f","s","00000",0,"-"
"b",2,7,"u","g","e","v",1,"f","f",0,"f","g","00600",0,"-"
"b",237,5,"u","g","i","bb",0.21,"f","f",0,"f","g","00550",0,"-"
"b",122,12.5,"u","g","aa","bb",0.25,"f","f",0,"t","g","00720",0,"-"
"b",92,0.54,"u","g","m","v",1,"f","f",0,"t","g","00120",1,"-"
"b",245,1.25,"y","p","w","v",0.25,"f","f",0,"f","g","00000",195,"-"
"a",179,1.625,"u","g","d","v",0.54,"f","f",0,"t","g","00000",0,"-"
"b",145,2.04,"y","p","x","h",0.04,"f","f",0,"f","g","00128",1,"-"
"a",83,0.585,"y","p","ff","ff",0.125,"f","f",0,"f","g","00120",87,"-"
"b",109,12.5,"y","p","k","h",1.25,"f","f",0,"t","g","00000",17,"-"
"b",158,2.085,"u","g","c","v",0.085,"f","f",0,"f","g","00300",0,"-"
"b",50,5.085,"y","p","j","v",0.29,"f","f",0,"f","g","00140",184,"-"
"b",137,0.375,"u","g","c","v",0.29,"f","f",0,"f","g","00220",140,"-"
"a",302,6.5,"u","g","i","bb",3.085,"f","f",0,"t","g","00073",0,"-"
"a",72,0.335,"u","g","q","v",0.75,"f","f",0,"f","s","00160",0,"-"
"b",187,5.085,"y","p","i","bb",1.085,"f","f",0,"t","g","00480",0,"-"
"a",344,6,"u","g","ff","ff",0,"f","f",0,"f","s","00000",0,"-"
"a",240,8.125,"y","p","k","v",0.165,"f","t",2,"f","g",NA,18,"-"
"a",39,0.665,"y","p","c","v",1,"f","t",1,"f","g","02000",2,"-"
"b",6,3.125,"u","g","w","v",0.085,"f","t",1,"f","g","00000",6,"-"
"b",13,0.25,"u","g","q","v",0.335,"f","t",4,"f","g","00160",8,"-"
"b",160,2.835,"u","g","ff","ff",0,"f","t",5,"f","g","00176",146,"-"
"b",97,3,"u","g","c","v",1.25,"f","t",1,"f","g","00000",22,"-"
"a",72,0.79,"u","g","i","v",0.085,"f","f",0,"f","g","00144",0,"-"
"b",241,1.5,"u","g","i","bb",0,"f","f",0,"f","s","00300",0,"-"
"b",67,0.46,"u","g","k","v",0.125,"f","f",0,"t","g","00280",55,"-"
"a",67,1.25,"y","p","ff","ff",3.25,"f","f",0,"f","g","00280",0,"-"
"b",70,0.125,"y","p","k","v",0.125,"f","f",0,"f","g","00200",70,"-"
"b",83,1.79,"u","g","c","v",0.54,"f","f",0,"t","g","00136",1,"-"
"b",223,0.705,"u","g","c","v",0.375,"f","t",2,"f","g","00225",500,"-"
"a",113,2.54,"y","p","ff","ff",0,"f","f",0,"t","g","00180",60,"-"
"b",198,2.5,"u","g","i","v",1,"f","f",0,"t","g","00210",0,"-"
"b",47,1.085,"u","g","q","v",1.5,"f","f",0,"f","g","00108",7,"-"
"b",140,1.25,"u","g","w","v",1.75,"f","f",0,"f","g","00200",0,"-"
"b",109,0.835,"u","g","cc","v",1.165,"f","f",0,"f","g","00100",0,"-"
"b",184,2.165,"u","g","c","v",1.5,"f","f",0,"f","p","00120",0,"-"
"b",91,1.25,"u","g","c","v",0.25,"f","f",0,"f","g","00110",0,"-"
"a",124,2.04,"u","g","w","v",0.25,"f","f",0,"t","g","00180",50,"-"
"b",217,0.835,"u","g","e","v",0.04,"f","f",0,"f","g","00120",5,"-"
"b",291,2.29,"u","g","ff","ff",0.29,"f","f",0,"f","g","00200",3,"-"
"b",183,0.335,"y","p","cc","v",0.085,"f","f",0,"f","g","00180",0,"-"
"b",301,3,"y","p","ff","ff",1.5,"f","f",0,"f","g","00180",4,"-"
"b",75,3.165,"y","p","c","v",0.165,"f","f",0,"f","g","00160",1058,"-"
"b",62,1.54,"u","g","k","v",0.085,"f","f",0,"t","g","00356",0,"-"
"b",98,1,"u","g","aa","v",0.5,"f","f",0,"f","g","00200",0,"-"
"b",328,2.71,"u","g","c","v",2.415,"f","f",0,"t","g","00320",0,"-"
"b",34,0,"y","p","ff","ff",0,"f","t",4,"f","g","00045",1,"-"
"b",39,0.585,"u","g","ff","ff",0,"f","t",3,"f","g","00350",769,"-"
"a",308,0.165,"u","g","ff","ff",0,"f","f",0,"t","s","00062",27,"-"
"a",119,1.25,"u","g","ff","ff",0,"f","t",1,"f","g","00092",300,"-"
"b",106,0.875,"u","g","k","v",0.375,"f","t",2,"t","g","00174",3,"-"
"b",77,0,"u","g","k","v",1,"f","t",11,"f","s","00000",0,"-"
"b",235,5,"u","g","ff","ff",0,"f","t",2,"f","g","00017",1,"-"
"b",154,2.71,"y","p","m","v",0.125,"f","f",0,"t","s","00080",0,"-"
"b",14,3,"u","g","k","v",0.04,"f","f",0,"t","g","00160",40,"-"
"a",19,0,"y","p","j","ff",0,"f","f",0,"f","g","00086",0,"-"
"a",NA,11.25,"u","g","ff","ff",0,"f","f",0,"f","g",NA,5200,"-"
"b",11,0.125,"u","g","c","v",0.165,"f","f",0,"f","g","00132",0,"-"
"a",121,1.665,"u","g","ff","ff",0,"f","f",0,"f","g","00340",1,"-"
"b",160,1.125,"u","g","ff","ff",0,"f","t",1,"f","g","00096",19,"-"
"b",42,7,"u","g","c","v",0.5,"f","f",0,"f","g","00000",0,"-"
"b",NA,3,"y","p","i","bb",7,"f","f",0,"f","g","00000",1,"-"
"b",234,1.625,"u","g","c","v",1.5,"f","f",0,"f","g","00000",316,"-"
"b",210,4.25,"u","g","q","v",3.5,"f","f",0,"f","g","00454",50,"-"
NA,144,0.665,"u","g","w","v",0.25,"f","f",0,"t","g","00300",0,"-"
"b",305,1.5,"u","g","d","v",3.75,"f","f",0,"t","g","00000",350,"-"
"b",206,18.125,"u","g","w","v",0.085,"f","f",0,"f","g","00320",3552,"-"
"b",193,0,NA,NA,NA,NA,0,"f","f",0,"f","p",NA,0,"-"
"b",143,0.75,"y","p","c","v",0.04,"f","f",0,"f","g","00240",0,"-"
"b",206,5.5,"u","g","i","bb",5,"f","f",0,"f","g","00210",687,"-"
"b",103,0.29,"y","p","c","v",1.5,"f","f",0,"t","g","00160",0,"-"
"a",90,2.415,"y","p","c","v",0,"f","f",0,"f","g","00120",0,"-"
"b",86,0.875,"u","g","m","v",0.085,"f","t",4,"f","g","00254",1950,"-"
"b",63,0.5,"u","g","c","v",0.125,"f","f",0,"f","g","00360",0,"-"
"a",211,0.29,"u","g","ff","ff",0,"f","t",10,"f","g","00200",18,"-"
"a",76,1.835,"u","g","j","j",0,"f","t",1,"f","g","00200",53,"-"
"a",123,3,"u","g","m","v",2.79,"f","t",1,"t","g","00280",10,"-"
"b",159,3.085,"u","g","c","v",2.5,"f","t",2,"t","g","00160",41,"-"
"a",152,1.375,"u","g","w","h",0.04,"f","t",3,"f","g","00000",33,"-"
"b",65,2.335,"u","g","k","v",0.75,"f","f",0,"f","g","00180",0,"-"
"b",10,4.085,"u","g","i","h",0.415,"f","f",0,"t","g","00120",0,"-"
"a",63,11.665,"u","g","k","h",0.085,"f","f",0,"f","g","00320",5,"-"
"b",53,4.125,"y","p","i","h",0.04,"f","f",0,"f","g","00140",100,"-"
"b",16,6.5,"u","g","i","v",0.125,"f","f",0,"f","g","00060",100,"-"
"b",35,4,"y","p","i","v",1,"f","f",0,"t","g","00360",1000,"-"
"b",49,0.415,"u","g","c","v",0.125,"f","f",0,"f","g","00000",44,"-"
"b",115,2,"u","g","d","v",0.75,"f","f",0,"t","g","00080",0,"-"
"b",83,0.835,"u","g","i","h",0.085,"f","f",0,"t","g","00220",5,"-"
"b",230,2.5,"y","p","i","h",10,"f","f",0,"t","s","00200",0,"-"
"b",73,11.5,"u","g","i","v",0.415,"f","f",0,"f","g","00000",0,"-"
NA,112,2.71,"y","p",NA,NA,0.085,"f","f",0,"f","s","00080",0,"-"
"a",12,0.5,"u","g","i","v",0.165,"f","t",6,"t","g","00240",35,"-"
"b",82,3.165,"y","p","k","v",0.415,"f","t",1,"t","g","00280",80,"-"
"a",15,9.5,"u","g","aa","v",1.75,"f","t",10,"t","g","00000",10,"-"
"b",84,0.415,"y","p","c","v",0.04,"f","t",2,"f","g","00128",6,"-"
"b",194,1.08,"u","g","m","v",1.165,"f","f",0,"f","s","00028",0,"-"
"b",347,19,"y","p","ff","ff",0.04,"f","t",2,"f","g","00000",351,"-"
"b",129,0.125,"y","p","k","v",0.085,"f","f",0,"f","g","00216",2100,"-"
"b",90,13.335,"y","p","aa","v",0.04,"f","f",0,"t","g","00120",475,"-"
"b",32,3.54,"y","p","ff","ff",0,"f","f",0,"t","g","00180",1,"-"
NA,270,1,"u","g","q","v",0.125,"f","f",0,"t","g","00263",0,"-"
"a",277,0.75,"u","g","q","h",2.75,"t","t",1,"f","g","00333",892,"+"
"b",87,0.875,"u","g","q","v",4.625,"t","t",2,"t","g","00520",2000,"+"
"b",231,9.5,"u","g","m","v",6.5,"t","t",14,"f","g","00240",4607,"+"
"a",48,11.835,"u","g","c","h",6,"t","f",0,"f","g","00340",0,"+"
"a",32,4.415,"y","p","c","h",3,"t","f",0,"f","g","00240",0,"+"
"b",35,9.5,"u","g","w","v",1.5,"t","f",0,"f","g","00120",2206,"+"
"a",95,0.875,"u","g","x","h",1.04,"t","f",0,"t","g","00160",5860,"+"
"b",44,9.25,"u","g","c","v",1.665,"t","t",3,"t","g","00040",28,"+"
"b",104,0.5,"u","g","c","v",1.46,"t","t",5,"t","g","00312",0,"+"
"b",47,7,"u","g","c","v",1.625,"t","t",3,"f","g","00200",1391,"+"
"b",NA,4,"u","g","x","v",5,"t","t",3,"t","g","00290",2279,"+"
"b",228,5,"u","g","cc","v",3.5,"t","t",10,"t","g","00000",0,"+"
"a",338,0.165,"u","g","ff","ff",0,"t","t",1,"f","g","00232",100,"+"
"b",130,5.125,"u","g","x","v",4.75,"t","t",2,"f","g","00420",7,"+"
"a",136,3.75,"u","g","c","v",1.085,"t","t",1,"t","g","00371",0,"+"
"b",161,19.5,"u","g","c","v",7,"t","t",16,"f","g","00000",5000,"+"
"a",33,9,"u","g","aa","v",0.75,"t","t",2,"f","g","00088",591,"+"
"a",92,3,"u","g","q","h",1.835,"t","t",19,"f","g","00000",500,"+"
"a",155,12,"u","g","c","v",2,"t","t",1,"f","g","00220",19,"+"
"b",52,4.79,"y","p","w","v",2.25,"t","t",1,"t","g","00080",300,"+"
"b",1,4,"y","p","w","v",1.75,"t","t",2,"t","g","00120",1000,"+"
"a",272,4,"u","g","j","j",0,"t","f",0,"f","g","00100",960,"+"
"a",266,0,"u","g","c","v",2.5,"t","f",0,"f","g","00000",0,"+"
"b",45,9.96,"u","g","e","dd",0,"t","f",0,"f","g","00000",0,"+"
"b",72,2.54,"y","p","c","h",2.585,"t","f",0,"f","g","00000",0,"+"
"b",NA,10.5,"u","g","x","v",6.5,"t","f",0,"f","g","00000",0,"+"
"a",334,5,"u","g","aa","v",4,"t","t",4,"f","g","00000",99,"+"
"b",7,0.75,"u","g","c","v",1.75,"t","t",5,"t","g","00352",690,"+"
"a",129,0.375,"u","g","q","v",0.585,"t","t",4,"f","g","00080",0,"+"
"b",230,1.71,"u","g","x","v",0.125,"t","t",5,"t","g","00480",0,"+"
NA,47,7.5,"u","g","k","v",1.5,"t","t",1,"f","g","00160",234,"+"
"a",147,5.29,"u","g","e","dd",2.25,"t","t",5,"t","g","00099",500,"+"
"b",74,3,"u","g","m","v",1.29,"t","t",1,"f","g","00260",800,"+"
"a",70,8.5,"u","g","q","v",1.75,"t","t",10,"f","g","00080",990,"-"
"a",134,1.665,"u","g","q","v",2.415,"t","f",0,"t","g","00440",0,"-"
"b",269,1.5,"u","g","c","v",2.5,"t","f",0,"t","g","00140",0,"-"
"b",249,1.75,"u","g","k","v",0.21,"t","f",0,"f","g","00160",0,"-"
"a",322,0.335,"u","g","i","bb",1,"t","f",0,"t","g","00252",2197,"-"
"a",314,7.08,"u","g","k","h",6.75,"t","t",3,"t","g","00100",50,"-"
"b",262,25.21,"u","g","q","h",0.21,"t","t",1,"f","g","00760",90,"-"
"a",99,2.085,"u","g","c","h",2.75,"t","f",0,"t","g","00360",1,"-"
"a",91,0.67,"u","g","aa","h",1.75,"t","f",0,"f","g","00400",0,"-"
"b",261,2.25,"u","g","i","bb",0.75,"t","f",0,"f","g","00560",0,"-"
"b",243,0.835,"u","g","ff","ff",0,"t","f",0,"f","g","00130",1,"-"
"b",166,2.5,"u","g","aa","v",7.5,"t","f",0,"t","g","00523",0,"-"
"a",186,1.585,"y","p","ff","ff",0,"t","f",0,"f","g","00320",0,"-"
"a",94,1.25,"u","g","ff","ff",0,"t","f",0,"f","g","00080",0,"-"
"b",200,3.165,"u","g","x","h",3.75,"t","f",0,"t","g","00680",0,"-"
"b",190,1.75,"u","g","w","bb",0.25,"t","f",0,"t","g","00163",0,"-"
"b",349,5.5,"u","g",NA,NA,0.54,"t","f",0,"f","g","00000",340,"-"
"b",37,1.5,"y","p","cc","v",2,"t","f",0,"t","g","00100",20,"-"
"b",257,3,"u","g","i","bb",1,"t","f",0,"f","g","00000",200,"-"
"b",40,10,"y","p","k","h",0.835,"t","f",0,"t","g","00140",0,"-"
"b",208,3.79,"u","g","w","v",1.165,"t","f",0,"t","g","00200",0,"-"
"b",148,1.04,"y","p","i","bb",0.5,"t","t",10,"t","g","00132",28,"-"
"b",265,11,"y","p","d","v",1.5,"t","f",0,"f","s","00000",0,"-"
"b",83,0.46,"y","p","w","v",2.625,"t","t",6,"t","g","00208",347,"-"
"b",85,1.5,"u","g","d","h",1.875,"t","t",6,"f","g","00200",327,"+"
"b",180,1,"u","g","x","v",0.75,"t","t",7,"t","g","00340",4071,"+"
"b",286,12,"u","g","m","v",16,"t","f",0,"f","s","00110",0,"+"
"b",348,22.29,"u","g","e","z",12.75,"t","t",1,"t","g","00000",109,"+"
"b",298,10,"u","g","i","bb",0,"t","t",11,"f","g","00000",1249,"+"
"b",195,15,"u","g","r","n",5.375,"t","t",9,"t","g","00000",134,"+"
"b",224,3.335,"u","g","w","v",4,"t","t",14,"f","g","00383",1344,"+"
"a",69,11.25,"y","p","x","h",0.75,"t","t",4,"f","g","00000",321,"+"
"b",251,0.42,"u","g","c","h",0.21,"t","t",6,"f","g","00220",948,"+"
"b",142,4.5,"u","g","w","v",7.5,"t","t",2,"t","g","00330",0,"+"
"a",170,1.46,"u","g","w","v",1.085,"t","t",16,"f","g","00120",2079,"+"
"b",299,0.04,"u","g","x","h",0.04,"t","f",0,"f","g","00000",3000,"+"
"a",74,2.29,"u","g","q","h",2.29,"t","t",7,"t","g","00140",2384,"+"
"a",95,12.33,"u","g","cc","h",3.5,"t","t",6,"f","g","00400",458,"+"
"b",115,1.125,"u","g","x","h",1.25,"t","f",0,"f","g","00000",5298,"+"
"b",80,1.5,"u","g","c","h",1.415,"t","f",0,"f","g","00422",200,"+"
"b",89,12.335,"u","g","q","h",1.585,"t","f",0,"t","g","00120",0,"+"
"b",254,5.04,"u","g","q","h",12.75,"t","f",0,"t","g","00092",0,"+"
"a",51,3,"u","g","aa","v",0.04,"t","f",0,"f","g","00100",0,"+"
"b",77,11.5,"u","g","w","h",2.125,"t","t",11,"t","g","00290",284,"+"
"a",97,2.875,"u","g","x","h",0.875,"t","f",0,"f","g","00360",0,"+"
"b",260,0.375,"y","p","c","v",0.375,"t","t",8,"t","g","00300",162,"+"
"a",203,0.915,"u","g","aa","v",0.75,"t","t",4,"f","g","00000",1583,"+"
"b",330,2.75,"u","g","w","v",1.75,"t","t",5,"t","g","00060",58,"+"
"b",52,3,"y","p","d","v",1.085,"t","t",8,"t","g","00160",1,"+"
"b",63,0.54,"y","p","x","v",0.04,"t","t",1,"t","g","00840",59,"+"
"a",339,14,"u","g","ff","ff",0,"t","t",11,"t","g","00000",1400,"+"
"a",46,10,"u","g","c","h",1,"t","t",4,"f","g","00050",1465,"+"
"b",171,0.165,"y","p","c","h",3.25,"t","t",1,"t","g","00432",8000,"+"
"b",149,0.5,"u","g","c","v",1.75,"t","t",11,"f","g","00032",540,"+"
"b",97,6,"u","g","c","v",1,"t","t",3,"f","g","00000",0,"+"
"b",230,1.625,"u","g","c","v",1.5,"t","t",10,"f","g","00186",4700,"+"
"b",229,6,"u","g","m","v",1.29,"t","t",5,"t","g","00108",1097,"+"
"b",164,0.83,"u","g","x","v",1.335,"t","t",8,"t","g","00303",3290,"+"
"b",244,0.04,"u","g","e","v",0.04,"f","t",1,"f","s","00560",0,"+"
"b",287,4.25,"u","g","m","v",0.125,"t","f",0,"t","g","00225",0,"+"
"b",174,9,"y","p","w","h",5.25,"t","f",0,"t","g","00154",0,"+"
"a",128,15,"y","p","e","z",0,"t","f",0,"f","g","00000",13212,"+"
"b",346,17.75,"u","g","ff","ff",0,"t","f",0,"t","g","00000",0,"+"
"b",338,20,"u","g","x","h",17.5,"t","t",9,"t","g","00000",1000,"+"
"b",300,15,"u","g","c","v",8.5,"t","t",9,"f","g","00000",0,"+"
"b",114,1.75,"y","p","c","v",1,"t","t",5,"t","g","00160",5777,"+"
"b",99,0.58,"u","g","c","v",0.29,"t","t",7,"t","g","00096",5124,"+"
"b",149,6.5,"u","g","cc","v",3.125,"t","t",8,"f","g","00330",1200,"+"
"b",118,0.75,"u","g","c","h",4.25,"t","t",3,"t","g","00312",150,"+"
"b",78,0,NA,NA,NA,NA,0,"f","f",0,"f","p",NA,0,"+"
"b",189,5.25,"u","g","w","v",0.085,"f","f",0,"t","g","00290",6,"+"
"b",225,0.21,"u","g","k","v",0.085,"t","f",0,"t","g","00280",0,"+"
"b",104,0.75,"u","g","c","bb",0.25,"t","f",0,"f","g","00349",23,"+"
"a",273,3,"u","g","c","v",2.375,"t","t",8,"t","g","00396",4159,"+"
"a",58,6,"u","g","aa","v",2.5,"t","t",3,"f","g","00080",918,"+"
NA,43,0.125,"u","g","q","v",1,"f","t",1,"f","g","00240",768,"+"
"b",48,2.415,"u","g","c","v",2,"t","t",11,"t","g","00200",3000,"+"
"a",141,0.46,"u","g","k","v",0.54,"t","t",4,"f","g","00380",500,"+"
NA,255,1.75,"y","p",NA,NA,0,"f","f",0,"t","g","00150",1,"-"
"b",145,1.25,"y","p","k","v",0.25,"f","f",0,"f","g","00224",0,"-"
"b",43,0.25,"u","g","q","v",0.125,"f","f",0,"f","g","00200",0,"-"
"b",81,0.585,"u","g","c","h",0.085,"t","f",0,"f","g","00180",0,"-"
"a",142,1.75,"y","p","k","v",1.25,"f","f",0,"t","g","00280",0,"-"
"b",8,0.04,"u","g","c","v",0.04,"f","f",0,"f","g","00000",0,"+"
"b",172,3.5,"u","g","k","v",0.5,"f","f",0,"t","g","00232",0,"-"
"b",NA,0.04,"y","p","d","v",4.25,"f","f",0,"t","g","00460",0,"-"
"b",282,4.165,"u","g","x","bb",0.085,"f","f",0,"t","g","00520",0,"-"
"b",42,1.25,"y","p","k","v",0.125,"f","f",0,"f","g","00140",4,"-"
"b",123,3.25,"y","p","q","h",5.085,"f","t",2,"t","g","00369",1,"-"
"b",64,0.79,"u","g","w","v",0.29,"f","t",1,"f","g","00420",283,"-"
"b",36,10.915,"u","g","c","bb",0.585,"f","t",2,"t","g","00200",7,"-"
"a",222,4.415,"u","g","c","v",0.125,"f","f",0,"f","g","00160",0,"-"
"b",140,1.25,"u","g","c","h",0.25,"f","t",2,"t","g","00400",108,"-"
"b",72,0.75,"u","g","i","v",1.585,"f","t",1,"t","g","00400",9,"-"
"b",171,14,"y","p","ff","ff",0,"f","t",2,"f","g","00160",1,"-"
"b",142,4.75,"u","g","m","v",2,"f","t",1,"t","g","00460",68,"-"
"b",27,10.415,"y","p","aa","v",0.125,"t","f",0,"f","g","00120",375,"-"
"b",66,2.25,"u","g","i","v",0.125,"f","f",0,"f","g","00160",10,"-"
"b",72,0.165,"u","g","c","j",2.25,"f","f",0,"t","s","00000",0,"+"
"a",102,0,NA,NA,NA,NA,0,"f","f",0,"f","p",NA,0,"+"
"b",32,0,"u","g","q","v",0.665,"f","f",0,"f","g","00160",1,"-"
"b",59,0.79,"y","p","cc","v",0.665,"f","f",0,"f","g","00160",0,"-"
"b",84,12,"u","g","c","v",2.085,"f","f",0,"f","s","00080",0,"-"
"b",64,7.835,"y","p","i","bb",0.165,"f","f",0,"t","g",NA,0,"-"
"b",205,2.54,"u","g","ff","ff",0,"f","f",0,"f","g","00000",1000,"-"
"b",139,13,"u","g","d","h",0.5,"f","f",0,"f","g","00228",0,"-"
"a",39,0.665,"u","g","w","v",1.665,"f","f",0,"f","g","00220",5,"-"
"a",75,1.25,"u","g","q","v",0.25,"f","f",0,"t","g","00120",809,"-"
"a",120,0.29,"u","g","m","h",0.125,"f","t",1,"t","g","00272",108,"-"
"a",226,1.5,"u","g","ff","ff",0,"f","f",0,"f","g","00076",0,"-"
"b",173,2.165,"y","p","k","ff",0,"f","f",0,"f","g","00120",0,"-"
"a",84,0.71,"u","g","w","v",0.25,"f","t",1,"t","g","00240",4,"-"
"b",24,2.46,"u","g","c","n",0.96,"f","t",2,"t","g","00160",587,"-"
"b",243,0.5,"y","p","m","v",0.5,"f","f",0,"t","g","00130",0,"-"
"b",38,9.585,"u","g","aa","v",0.79,"f","f",0,"f","g","00080",350,"-"
"b",134,3.625,"u","g","aa","v",0.25,"f","f",0,"t","g","00100",0,"-"
"b",202,0.75,"u","g","k","v",1.5,"f","f",0,"t","g","00231",0,"-"
"b",189,2.75,"u","g","i","bb",2.5,"f","f",0,"t","g","00232",200,"-"
NA,180,2.25,"y","p","cc","v",3.5,"f","f",0,"t","g","00200",141,"-"
"b",163,0.75,"y","p","aa","v",3.5,"f","f",0,"t","g","00320",0,"-"
"a",306,7,"u","g","aa","h",3,"f","f",0,"f","g","00000",0,"-"
"b",206,0.42,"y","p","w","v",0.29,"f","f",0,"t","g","00309",2,"-"
"b",215,2.665,"u","g","cc","v",0.165,"f","f",0,"t","g","00000",501,"-"
"a",51,8.5,"u","g","c","v",0.165,"f","f",0,"f","g","00000",351,"-"
"b",86,9,"u","g","aa","v",0.25,"f","f",0,"t","g","00000",0,"-"
"b",102,0.335,"u","g","k","h",3.5,"f","f",0,"t","g","00340",0,"-"
"a",199,3.75,"u","g","ff","ff",0,"f","t",6,"f","g","00000",200,"-"
"b",283,3.75,"u","g","i","bb",1,"f","f",0,"f","g","00100",2,"-"
"a",4,7.625,"u","g","q","v",0.125,"f","t",1,"t","g","00000",160,"-"
"a",70,0.415,"u","g","i","v",0.335,"f","f",0,"t","s","00144",0,"-"
"b",58,11.5,"u","g","i","v",0.5,"t","f",0,"t","g","00100",68,"-"
"a",83,0.83,"u","g","q","v",0.415,"f","t",1,"t","g","00200",11,"-"
"a",53,5,"y","p","ff","ff",0,"f","f",0,"f","g","00000",0,"-"
"b",103,3.25,"u","g","c","h",2.29,"f","t",1,"t","g","00416",21,"-"
"a",227,1.665,"u","g","aa","v",0.25,"f","f",0,"f","g","00000",390,"-"
"a",3,0.375,"u","g","c","v",1,"f","f",0,"f","g","00120",18,"-"
"a",134,3.75,"u","g","c","v",0.25,"f","t",1,"t","g","00040",154,"-"
"b",67,9,"u","g","aa","v",0.085,"f","f",0,"f","g","00000",0,"-"
"b",145,3.5,"u","g","c","v",0.165,"f","f",0,"f","g","00216",0,"-"
"a",82,1.5,"u","g","w","v",0.875,"f","f",0,"t","g","00160",0,"-"
"b",169,4,"y","p","cc","v",1.5,"f","f",0,"t","g","00120",0,"-"
"b",159,1.5,"y","p","w","v",0.04,"f","f",0,"f","s","00160",0,"-"
"b",166,0.04,"y","p","m","v",0.04,"f","f",0,"f","g","00000",0,"-"
"a",61,11.75,"u","g","c","v",0.25,"f","f",0,"t","g","00180",0,"-"
"a",21,0.54,"u","g","c","v",1.75,"f","t",1,"t","g","00080",5,"-"
"b",151,0.5,"u","g","d","h",0.085,"f","f",0,"t","s","00252",0,"-"
"b",301,2.04,"y","p","ff","ff",1.5,"f","f",0,"f","g","00120",1,"-"
"b",276,5.835,"u","g","w","v",5.5,"f","f",0,"f","g","00465",150,"-"
"b",105,12.835,"u","g","cc","v",0.5,"f","f",0,"f","g","00000",2,"-"
"a",296,0.835,"u","g","aa","v",0.5,"f","f",0,"t","g","00240",117,"-"
NA,141,2,"y","p","e","h",2,"f","f",0,"f","g","00256",17,"-"
"a",215,2.5,"u","g","i","h",0.21,"f","f",0,"f","g","00260",246,"-"
"a",249,1.04,"u","g","aa","v",0.665,"f","f",0,"f","g","00240",237,"-"
"a",154,10.665,"u","g","q","h",0.085,"f","t",12,"t","g","00129",3,"-"
"b",37,7.25,"u","g","m","v",0.04,"f","t",1,"f","g","00100",1,"-"
"a",21,10.21,"u","g","ff","ff",0,"f","f",0,"f","g","00000",50,"-"
"a",43,1.25,"u","g","c","v",0,"f","f",0,"f","g","00000",0,"-"
"b",38,0.29,"u","g","k","v",0.29,"f","f",0,"f","g","00280",364,"-"
"b",126,1,"y","p","d","h",3,"f","f",0,"f","g","00176",537,"-"
"b",13,3.29,"u","g","i","v",0.335,"f","f",0,"t","g","00140",2,"-"
"b",209,0.75,"y","p","d","v",0.585,"f","f",0,"f","g","00240",3,"-"
"b",241,3.29,"u","g","m","v",3.5,"f","f",0,"t","s","00400",0,"-"
"b",53,10.085,"y","p","e","h",1.25,"f","f",0,"f","g","00260",0,"-"
"a",72,0.75,"u","g","c","v",2,"f","t",2,"t","g","00200",394,"-"
"a",98,13.5,"y","p","ff","ff",2,"f","t",1,"t","g","00200",1,"-"
"b",21,0.205,"u","g","aa","v",0.04,"f","f",0,"f","g","00280",750,"-"
"b",198,3.375,"u","g","c","h",8.29,"f","f",0,"t","g","00000",0,"-"
